Workbook

Sheet Class 1
A1: ID | B1: Name | C1: Group | D1: Test 1 | E1: Test 2 | F1: Test 3 | G1: Test 4 | H1: Test 5 | I1: Test 6 | J1: Test 7 | K1: Test 8 | L1: Total | M1: Average | N1: Grade
A2: 10001 | B2: Priya Garcia | C2: Afternoon | D2: 47 | E2: 31 | F2: 63 | G2: 75 | H2: 60 | I2: 91 | J2: 49 | K2: 41 | L2: =SUM(D2:K2) -> 457 | M2: =AVERAGE(D2:K2) -> 57.125 | N2: =IF(M2>=80,"A",IF(M2>=65,"B",IF(M2>=50,"C","D"))) -> C
A3: 10002 | B3: Ivan Novak | C3: Morning | D3: 71 | E3: 51 | F3: 52 | G3: 37 | H3: 56 | I3: 47 | J3: 59 | K3: 75 | L3: =SUM(D3:K3) -> 448 | M3: =AVERAGE(D3:K3) -> 56 | N3: =IF(M3>=80,"A",IF(M3>=65,"B",IF(M3>=50,"C","D"))) -> C
A4: 10003 | B4: Hiro Silva | C4: Evening | D4: 56 | E4: 34 | F4: 43 | G4: 78 | H4: 79 | I4: 53 | J4: 72 | K4: 32 | L4: =SUM(D4:K4) -> 447 | M4: =AVERAGE(D4:K4) -> 55.875 | N4: =IF(M4>=80,"A",IF(M4>=65,"B",IF(M4>=50,"C","D"))) -> C
A5: 10004 | B5: Sven Kim | C5: Morning | D5: 74 | E5: 72 | F5: 57 | G5: 60 | H5: 66 | I5: 27 | J5: 27 | K5: 67 | L5: =SUM(D5:K5) -> 450 | M5: =AVERAGE(D5:K5) -> 56.25 | N5: =IF(M5>=80,"A",IF(M5>=65,"B",IF(M5>=50,"C","D"))) -> C
A6: 10005 | B6: Omar Nguyen | C6: Evening | D6: 62 | E6: 94 | F6: 80 | G6: 40 | H6: 52 | I6: 41 | J6: 70 | K6: 62 | L6: =SUM(D6:K6) -> 501 | M6: =AVERAGE(D6:K6) -> 62.625 | N6: =IF(M6>=80,"A",IF(M6>=65,"B",IF(M6>=50,"C","D"))) -> C
A7: 10006 | B7: Jia Park | C7: Afternoon | D7: 72 | E7: 28 | F7: 51 | G7: 32 | H7: 100 | I7: 99 | J7: 65 | K7: 92 | L7: =SUM(D7:K7) -> 539 | M7: =AVERAGE(D7:K7) -> 67.375 | N7: =IF(M7>=80,"A",IF(M7>=65,"B",IF(M7>=50,"C","D"))) -> B
A8: 10007 | B8: Grace Fischer | C8: Afternoon | D8: 97 | E8: 76 | F8: 81 | G8: 85 | H8: 94 | I8: 92 | J8: 62 | K8: 75 | L8: =SUM(D8:K8) -> 662 | M8: =AVERAGE(D8:K8) -> 82.75 | N8: =IF(M8>=80,"A",IF(M8>=65,"B",IF(M8>=50,"C","D"))) -> A
A9: 10008 | B9: Jia Nguyen | C9: Morning | D9: 79 | E9: 31 | F9: 90 | G9: 32 | H9: 80 | I9: 90 | J9: 62 | K9: 84 | L9: =SUM(D9:K9) -> 548 | M9: =AVERAGE(D9:K9) -> 68.5 | N9: =IF(M9>=80,"A",IF(M9>=65,"B",IF(M9>=50,"C","D"))) -> B
A10: 10009 | B10: Lena Moreau | C10: Evening | D10: 45 | E10: 43 | F10: 98 | G10: 68 | H10: 89 | I10: 90 | J10: 63 | K10: 66 | L10: =SUM(D10:K10) -> 562 | M10: =AVERAGE(D10:K10) -> 70.25 | N10: =IF(M10>=80,"A",IF(M10>=65,"B",IF(M10>=50,"C","D"))) -> B
A11: 10010 | B11: Grace Okafor | C11: Evening | D11: 60 | E11: 52 | F11: 52 | G11: 63 | H11: 86 | I11: 79 | J11: 87 | K11: 44 | L11: =SUM(D11:K11) -> 523 | M11: =AVERAGE(D11:K11) -> 65.375 | N11: =IF(M11>=80,"A",IF(M11>=65,"B",IF(M11>=50,"C","D"))) -> B
A12: 10011 | B12: Ben Haddad | C12: Evening | D12: 78 | E12: 52 | F12: 38 | G12: 41 | H12: 28 | I12: 95 | J12: 53 | K12: 59 | L12: =SUM(D12:K12) -> 444 | M12: =AVERAGE(D12:K12) -> 55.5 | N12: =IF(M12>=80,"A",IF(M12>=65,"B",IF(M12>=50,"C","D"))) -> C
A13: 10012 | B13: Eli Lee | C13: Afternoon | D13: 32 | E13: 71 | F13: 41 | G13: 31 | H13: 57 | I13: 73 | J13: 87 | K13: 43 | L13: =SUM(D13:K13) -> 435 | M13: =AVERAGE(D13:K13) -> 54.375 | N13: =IF(M13>=80,"A",IF(M13>=65,"B",IF(M13>=50,"C","D"))) -> C
... A2001: 12000 | B2001: Ben Ali | C2001: Evening | D2001: 78 | E2001: 28 | F2001: 40 | G2001: 37 | H2001: 47 | I2001: 81 | J2001: 55 | K2001: 69 | L2001: =SUM(D2001:K2001) -> 435 | M2001: =AVERAGE(D2001:K2001) -> 54.375 | N2001: =IF(M2001>=80,"A",IF(M2001>=65,"B",IF(M2001>=50,"C","D"))) -> C

Sheet Class 2
A1: ID | B1: Name | C1: Group | D1: Test 1 | E1: Test 2 | F1: Test 3 | G1: Test 4 | H1: Test 5 | I1: Test 6 | J1: Test 7 | K1: Test 8 | L1: Total | M1: Average | N1: Grade
A2: 20001 | B2: Lena Ito | C2: Evening | D2: 76 | E2: 52 | F2: 49 | G2: 55 | H2: 32 | I2: 71 | J2: 100 | K2: 88 | L2: =SUM(D2:K2) -> 523 | M2: =AVERAGE(D2:K2) -> 65.375 | N2: =IF(M2>=80,"A",IF(M2>=65,"B",IF(M2>=50,"C","D"))) -> B
A3: 20002 | B3: Jia Park | C3: Evening | D3: 61 | E3: 66 | F3: 51 | G3: 62 | H3: 82 | I3: 52 | J3: 40 | K3: 39 | L3: =SUM(D3:K3) -> 453 | M3: =AVERAGE(D3:K3) -> 56.625 | N3: =IF(M3>=80,"A",IF(M3>=65,"B",IF(M3>=50,"C","D"))) -> C
A4: 20003 | B4: Omar Tanaka | C4: Morning | D4: 86 | E4: 46 | F4: 83 | G4: 41 | H4: 100 | I4: 83 | J4: 64 | K4: 32 | L4: =SUM(D4:K4) -> 535 | M4: =AVERAGE(D4:K4) -> 66.875 | N4: =IF(M4>=80,"A",IF(M4>=65,"B",IF(M4>=50,"C","D"))) -> B
A5: 20004 | B5: Grace Silva | C5: Afternoon | D5: 41 | E5: 73 | F5: 32 | G5: 79 | H5: 83 | I5: 70 | J5: 44 | K5: 95 | L5: =SUM(D5:K5) -> 517 | M5: =AVERAGE(D5:K5) -> 64.625 | N5: =IF(M5>=80,"A",IF(M5>=65,"B",IF(M5>=50,"C","D"))) -> C
A6: 20005 | B6: Ben Chan | C6: Morning | D6: 94 | E6: 40 | F6: 33 | G6: 74 | H6: 32 | I6: 83 | J6: 55 | K6: 87 | L6: =SUM(D6:K6) -> 498 | M6: =AVERAGE(D6:K6) -> 62.25 | N6: =IF(M6>=80,"A",IF(M6>=65,"B",IF(M6>=50,"C","D"))) -> C
A7: 20006 | B7: Noah Fischer | C7: Evening | D7: 59 | E7: 45 | F7: 29 | G7: 40 | H7: 95 | I7: 90 | J7: 86 | K7: 60 | L7: =SUM(D7:K7) -> 504 | M7: =AVERAGE(D7:K7) -> 63 | N7: =IF(M7>=80,"A",IF(M7>=65,"B",IF(M7>=50,"C","D"))) -> C
A8: 20007 | B8: Tara Smith | C8: Morning | D8: 85 | E8: 83 | F8: 27 | G8: 66 | H8: 84 | I8: 64 | J8: 92 | K8: 64 | L8: =SUM(D8:K8) -> 565 | M8: =AVERAGE(D8:K8) -> 70.625 | N8: =IF(M8>=80,"A",IF(M8>=65,"B",IF(M8>=50,"C","D"))) -> B
A9: 20008 | B9: Lena Ito | C9: Evening | D9: 48 | E9: 99 | F9: 41 | G9: 88 | H9: 44 | I9: 90 | J9: 53 | K9: 91 | L9: =SUM(D9:K9) -> 554 | M9: =AVERAGE(D9:K9) -> 69.25 | N9: =IF(M9>=80,"A",IF(M9>=65,"B",IF(M9>=50,"C","D"))) -> B
A10: 20009 | B10: Omar Garcia | C10: Evening | D10: 48 | E10: 83 | F10: 96 | G10: 45 | H10: 80 | I10: 40 | J10: 47 | K10: 75 | L10: =SUM(D10:K10) -> 514 | M10: =AVERAGE(D10:K10) -> 64.25 | N10: =IF(M10>=80,"A",IF(M10>=65,"B",IF(M10>=50,"C","D"))) -> C
A11: 20010 | B11: Mei Haddad | C11: Evening | D11: 92 | E11: 75 | F11: 58 | G11: 82 | H11: 62 | I11: 76 | J11: 47 | K11: 100 | L11: =SUM(D11:K11) -> 592 | M11: =AVERAGE(D11:K11) -> 74 | N11: =IF(M11>=80,"A",IF(M11>=65,"B",IF(M11>=50,"C","D"))) -> B
A12: 20011 | B12: Aiko Chan | C12: Evening | D12: 69 | E12: 50 | F12: 39 | G12: 96 | H12: 41 | I12: 66 | J12: 93 | K12: 37 | L12: =SUM(D12:K12) -> 491 | M12: =AVERAGE(D12:K12) -> 61.375 | N12: =IF(M12>=80,"A",IF(M12>=65,"B",IF(M12>=50,"C","D"))) -> C
A13: 20012 | B13: Priya Okafor | C13: Evening | D13: 46 | E13: 87 | F13: 35 | G13: 94 | H13: 69 | I13: 51 | J13: 74 | K13: 34 | L13: =SUM(D13:K13) -> 490 | M13: =AVERAGE(D13:K13) -> 61.25 | N13: =IF(M13>=80,"A",IF(M13>=65,"B",IF(M13>=50,"C","D"))) -> C
... A2001: 22000 | B2001: Kofi Park | C2001: Morning | D2001: 27 | E2001: 52 | F2001: 90 | G2001: 44 | H2001: 89 | I2001: 77 | J2001: 60 | K2001: 90 | L2001: =SUM(D2001:K2001) -> 529 | M2001: =AVERAGE(D2001:K2001) -> 66.125 | N2001: =IF(M2001>=80,"A",IF(M2001>=65,"B",IF(M2001>=50,"C","D"))) -> B

Sheet Class 3
A1: ID | B1: Name | C1: Group | D1: Test 1 | E1: Test 2 | F1: Test 3 | G1: Test 4 | H1: Test 5 | I1: Test 6 | J1: Test 7 | K1: Test 8 | L1: Total | M1: Average | N1: Grade
A2: 30001 | B2: Eli Rossi | C2: Evening | D2: 37 | E2: 50 | F2: 76 | G2: 56 | H2: 78 | I2: 60 | J2: 61 | K2: 32 | L2: =SUM(D2:K2) -> 450 | M2: =AVERAGE(D2:K2) -> 56.25 | N2: =IF(M2>=80,"A",IF(M2>=65,"B",IF(M2>=50,"C","D"))) -> C
A3: 30002 | B3: Mei Haddad | C3: Evening | D3: 80 | E3: 43 | F3: 87 | G3: 33 | H3: 62 | I3: 35 | J3: 98 | K3: 63 | L3: =SUM(D3:K3) -> 501 | M3: =AVERAGE(D3:K3) -> 62.625 | N3: =IF(M3>=80,"A",IF(M3>=65,"B",IF(M3>=50,"C","D"))) -> C
A4: 30003 | B4: Kofi Smith | C4: Evening | D4: 64 | E4: 63 | F4: 49 | G4: 97 | H4: 83 | I4: 34 | J4: 52 | K4: 41 | L4: =SUM(D4:K4) -> 483 | M4: =AVERAGE(D4:K4) -> 60.375 | N4: =IF(M4>=80,"A",IF(M4>=65,"B",IF(M4>=50,"C","D"))) -> C
A5: 30004 | B5: Hiro Khan | C5: Morning | D5: 95 | E5: 53 | F5: 70 | G5: 68 | H5: 81 | I5: 92 | J5: 83 | K5: 89 | L5: =SUM(D5:K5) -> 631 | M5: =AVERAGE(D5:K5) -> 78.875 | N5: =IF(M5>=80,"A",IF(M5>=65,"B",IF(M5>=50,"C","D"))) -> B
A6: 30005 | B6: Sven Fischer | C6: Afternoon | D6: 39 | E6: 88 | F6: 55 | G6: 93 | H6: 47 | I6: 56 | J6: 48 | K6: 79 | L6: =SUM(D6:K6) -> 505 | M6: =AVERAGE(D6:K6) -> 63.125 | N6: =IF(M6>=80,"A",IF(M6>=65,"B",IF(M6>=50,"C","D"))) -> C
A7: 30006 | B7: Chen Okafor | C7: Evening | D7: 95 | E7: 87 | F7: 53 | G7: 46 | H7: 95 | I7: 61 | J7: 71 | K7: 84 | L7: =SUM(D7:K7) -> 592 | M7: =AVERAGE(D7:K7) -> 74 | N7: =IF(M7>=80,"A",IF(M7>=65,"B",IF(M7>=50,"C","D"))) -> B
A8: 30007 | B8: Omar Okafor | C8: Morning | D8: 37 | E8: 33 | F8: 97 | G8: 33 | H8: 40 | I8: 47 | J8: 28 | K8: 67 | L8: =SUM(D8:K8) -> 382 | M8: =AVERAGE(D8:K8) -> 47.75 | N8: =IF(M8>=80,"A",IF(M8>=65,"B",IF(M8>=50,"C","D"))) -> D
A9: 30008 | B9: Kofi Tanaka | C9: Evening | D9: 29 | E9: 89 | F9: 76 | G9: 42 | H9: 72 | I9: 98 | J9: 29 | K9: 55 | L9: =SUM(D9:K9) -> 490 | M9: =AVERAGE(D9:K9) -> 61.25 | N9: =IF(M9>=80,"A",IF(M9>=65,"B",IF(M9>=50,"C","D"))) -> C
A10: 30009 | B10: Rosa Smith | C10: Evening | D10: 42 | E10: 50 | F10: 39 | G10: 82 | H10: 47 | I10: 28 | J10: 78 | K10: 68 | L10: =SUM(D10:K10) -> 434 | M10: =AVERAGE(D10:K10) -> 54.25 | N10: =IF(M10>=80,"A",IF(M10>=65,"B",IF(M10>=50,"C","D"))) -> C
A11: 30010 | B11: Sven Rossi | C11: Afternoon | D11: 31 | E11: 56 | F11: 79 | G11: 40 | H11: 85 | I11: 87 | J11: 92 | K11: 91 | L11: =SUM(D11:K11) -> 561 | M11: =AVERAGE(D11:K11) -> 70.125 | N11: =IF(M11>=80,"A",IF(M11>=65,"B",IF(M11>=50,"C","D"))) -> B
A12: 30011 | B12: Fatima Kim | C12: Morning | D12: 87 | E12: 48 | F12: 33 | G12: 66 | H12: 75 | I12: 91 | J12: 49 | K12: 32 | L12: =SUM(D12:K12) -> 481 | M12: =AVERAGE(D12:K12) -> 60.125 | N12: =IF(M12>=80,"A",IF(M12>=65,"B",IF(M12>=50,"C","D"))) -> C
A13: 30012 | B13: Sven Ito | C13: Afternoon | D13: 43 | E13: 75 | F13: 61 | G13: 30 | H13: 98 | I13: 79 | J13: 26 | K13: 59 | L13: =SUM(D13:K13) -> 471 | M13: =AVERAGE(D13:K13) -> 58.875 | N13: =IF(M13>=80,"A",IF(M13>=65,"B",IF(M13>=50,"C","D"))) -> C
... A2001: 32000 | B2001: Ben Smith | C2001: Morning | D2001: 72 | E2001: 89 | F2001: 94 | G2001: 80 | H2001: 32 | I2001: 47 | J2001: 58 | K2001: 87 | L2001: =SUM(D2001:K2001) -> 559 | M2001: =AVERAGE(D2001:K2001) -> 69.875 | N2001: =IF(M2001>=80,"A",IF(M2001>=65,"B",IF(M2001>=50,"C","D"))) -> B

Sheet Class 4
A1: ID | B1: Name | C1: Group | D1: Test 1 | E1: Test 2 | F1: Test 3 | G1: Test 4 | H1: Test 5 | I1: Test 6 | J1: Test 7 | K1: Test 8 | L1: Total | M1: Average | N1: Grade
A2: 40001 | B2: Sven Khan | C2: Afternoon | D2: 49 | E2: 76 | F2: 57 | G2: 95 | H2: 55 | I2: 91 | J2: 46 | K2: 75 | L2: =SUM(D2:K2) -> 544 | M2: =AVERAGE(D2:K2) -> 68 | N2: =IF(M2>=80,"A",IF(M2>=65,"B",IF(M2>=50,"C","D"))) -> B
A3: 40002 | B3: Kofi Haddad | C3: Morning | D3: 25 | E3: 30 | F3: 80 | G3: 48 | H3: 53 | I3: 28 | J3: 85 | K3: 32 | L3: =SUM(D3:K3) -> 381 | M3: =AVERAGE(D3:K3) -> 47.625 | N3: =IF(M3>=80,"A",IF(M3>=65,"B",IF(M3>=50,"C","D"))) -> D
A4: 40003 | B4: Hiro Rossi | C4: Afternoon | D4: 75 | E4: 55 | F4: 99 | G4: 37 | H4: 97 | I4: 64 | J4: 86 | K4: 47 | L4: =SUM(D4:K4) -> 560 | M4: =AVERAGE(D4:K4) -> 70 | N4: =IF(M4>=80,"A",IF(M4>=65,"B",IF(M4>=50,"C","D"))) -> B
A5: 40004 | B5: Mei Tanaka | C5: Afternoon | D5: 38 | E5: 95 | F5: 69 | G5: 82 | H5: 32 | I5: 93 | J5: 34 | K5: 100 | L5: =SUM(D5:K5) -> 543 | M5: =AVERAGE(D5:K5) -> 67.875 | N5: =IF(M5>=80,"A",IF(M5>=65,"B",IF(M5>=50,"C","D"))) -> B
A6: 40005 | B6: Lena Garcia | C6: Morning | D6: 55 | E6: 87 | F6: 27 | G6: 40 | H6: 68 | I6: 71 | J6: 49 | K6: 91 | L6: =SUM(D6:K6) -> 488 | M6: =AVERAGE(D6:K6) -> 61 | N6: =IF(M6>=80,"A",IF(M6>=65,"B",IF(M6>=50,"C","D"))) -> C
A7: 40006 | B7: Kofi Lee | C7: Afternoon | D7: 58 | E7: 55 | F7: 81 | G7: 77 | H7: 33 | I7: 95 | J7: 99 | K7: 93 | L7: =SUM(D7:K7) -> 591 | M7: =AVERAGE(D7:K7) -> 73.875 | N7: =IF(M7>=80,"A",IF(M7>=65,"B",IF(M7>=50,"C","D"))) -> B
A8: 40007 | B8: Omar Park | C8: Afternoon | D8: 30 | E8: 36 | F8: 56 | G8: 45 | H8: 31 | I8: 61 | J8: 26 | K8: 51 | L8: =SUM(D8:K8) -> 336 | M8: =AVERAGE(D8:K8) -> 42 | N8: =IF(M8>=80,"A",IF(M8>=65,"B",IF(M8>=50,"C","D"))) -> D
A9: 40008 | B9: Mei Smith | C9: Afternoon | D9: 39 | E9: 67 | F9: 86 | G9: 73 | H9: 40 | I9: 38 | J9: 39 | K9: 51 | L9: =SUM(D9:K9) -> 433 | M9: =AVERAGE(D9:K9) -> 54.125 | N9: =IF(M9>=80,"A",IF(M9>=65,"B",IF(M9>=50,"C","D"))) -> C
A10: 40009 | B10: Tara Fischer | C10: Afternoon | D10: 55 | E10: 86 | F10: 94 | G10: 82 | H10: 31 | I10: 36 | J10: 68 | K10: 72 | L10: =SUM(D10:K10) -> 524 | M10: =AVERAGE(D10:K10) -> 65.5 | N10: =IF(M10>=80,"A",IF(M10>=65,"B",IF(M10>=50,"C","D"))) -> B
A11: 40010 | B11: Dana Ito | C11: Evening | D11: 55 | E11: 89 | F11: 55 | G11: 68 | H11: 57 | I11: 80 | J11: 77 | K11: 49 | L11: =SUM(D11:K11) -> 530 | M11: =AVERAGE(D11:K11) -> 66.25 | N11: =IF(M11>=80,"A",IF(M11>=65,"B",IF(M11>=50,"C","D"))) -> B
A12: 40011 | B12: Omar Garcia | C12: Evening | D12: 29 | E12: 81 | F12: 38 | G12: 96 | H12: 37 | I12: 63 | J12: 25 | K12: 49 | L12: =SUM(D12:K12) -> 418 | M12: =AVERAGE(D12:K12) -> 52.25 | N12: =IF(M12>=80,"A",IF(M12>=65,"B",IF(M12>=50,"C","D"))) -> C
A13: 40012 | B13: Mei Haddad | C13: Evening | D13: 42 | E13: 29 | F13: 25 | G13: 98 | H13: 49 | I13: 30 | J13: 89 | K13: 64 | L13: =SUM(D13:K13) -> 426 | M13: =AVERAGE(D13:K13) -> 53.25 | N13: =IF(M13>=80,"A",IF(M13>=65,"B",IF(M13>=50,"C","D"))) -> C
... A2001: 42000 | B2001: Chen Kim | C2001: Afternoon | D2001: 42 | E2001: 66 | F2001: 100 | G2001: 83 | H2001: 96 | I2001: 47 | J2001: 76 | K2001: 93 | L2001: =SUM(D2001:K2001) -> 603 | M2001: =AVERAGE(D2001:K2001) -> 75.375 | N2001: =IF(M2001>=80,"A",IF(M2001>=65,"B",IF(M2001>=50,"C","D"))) -> B

Sheet Class 5
A1: ID | B1: Name | C1: Group | D1: Test 1 | E1: Test 2 | F1: Test 3 | G1: Test 4 | H1: Test 5 | I1: Test 6 | J1: Test 7 | K1: Test 8 | L1: Total | M1: Average | N1: Grade
A2: 50001 | B2: Noah Lee | C2: Morning | D2: 82 | E2: 45 | F2: 50 | G2: 68 | H2: 74 | I2: 68 | J2: 86 | K2: 72 | L2: =SUM(D2:K2) -> 545 | M2: =AVERAGE(D2:K2) -> 68.125 | N2: =IF(M2>=80,"A",IF(M2>=65,"B",IF(M2>=50,"C","D"))) -> B
A3: 50002 | B3: Chen Rossi | C3: Evening | D3: 96 | E3: 37 | F3: 92 | G3: 92 | H3: 26 | I3: 97 | J3: 46 | K3: 69 | L3: =SUM(D3:K3) -> 555 | M3: =AVERAGE(D3:K3) -> 69.375 | N3: =IF(M3>=80,"A",IF(M3>=65,"B",IF(M3>=50,"C","D"))) -> B
A4: 50003 | B4: Mei Brown | C4: Afternoon | D4: 35 | E4: 51 | F4: 58 | G4: 28 | H4: 48 | I4: 68 | J4: 57 | K4: 37 | L4: =SUM(D4:K4) -> 382 | M4: =AVERAGE(D4:K4) -> 47.75 | N4: =IF(M4>=80,"A",IF(M4>=65,"B",IF(M4>=50,"C","D"))) -> D
A5: 50004 | B5: Fatima Novak | C5: Morning | D5: 42 | E5: 95 | F5: 38 | G5: 59 | H5: 36 | I5: 57 | J5: 31 | K5: 49 | L5: =SUM(D5:K5) -> 407 | M5: =AVERAGE(D5:K5) -> 50.875 | N5: =IF(M5>=80,"A",IF(M5>=65,"B",IF(M5>=50,"C","D"))) -> C
A6: 50005 | B6: Kofi Silva | C6: Morning | D6: 93 | E6: 36 | F6: 42 | G6: 59 | H6: 44 | I6: 55 | J6: 98 | K6: 66 | L6: =SUM(D6:K6) -> 493 | M6: =AVERAGE(D6:K6) -> 61.625 | N6: =IF(M6>=80,"A",IF(M6>=65,"B",IF(M6>=50,"C","D"))) -> C
A7: 50006 | B7: Noah Novak | C7: Afternoon | D7: 67 | E7: 93 | F7: 94 | G7: 88 | H7: 30 | I7: 87 | J7: 99 | K7: 73 | L7: =SUM(D7:K7) -> 631 | M7: =AVERAGE(D7:K7) -> 78.875 | N7: =IF(M7>=80,"A",IF(M7>=65,"B",IF(M7>=50,"C","D"))) -> B
A8: 50007 | B8: Noah Haddad | C8: Evening | D8: 88 | E8: 26 | F8: 87 | G8: 25 | H8: 40 | I8: 46 | J8: 29 | K8: 75 | L8: =SUM(D8:K8) -> 416 | M8: =AVERAGE(D8:K8) -> 52 | N8: =IF(M8>=80,"A",IF(M8>=65,"B",IF(M8>=50,"C","D"))) -> C
A9: 50008 | B9: Noah Khan | C9: Morning | D9: 69 | E9: 54 | F9: 64 | G9: 74 | H9: 54 | I9: 89 | J9: 38 | K9: 91 | L9: =SUM(D9:K9) -> 533 | M9: =AVERAGE(D9:K9) -> 66.625 | N9: =IF(M9>=80,"A",IF(M9>=65,"B",IF(M9>=50,"C","D"))) -> B
A10: 50009 | B10: Grace Moreau | C10: Afternoon | D10: 60 | E10: 35 | F10: 77 | G10: 47 | H10: 25 | I10: 90 | J10: 91 | K10: 95 | L10: =SUM(D10:K10) -> 520 | M10: =AVERAGE(D10:K10) -> 65 | N10: =IF(M10>=80,"A",IF(M10>=65,"B",IF(M10>=50,"C","D"))) -> B
A11: 50010 | B11: Hiro Okafor | C11: Evening | D11: 93 | E11: 57 | F11: 30 | G11: 76 | H11: 60 | I11: 87 | J11: 87 | K11: 34 | L11: =SUM(D11:K11) -> 524 | M11: =AVERAGE(D11:K11) -> 65.5 | N11: =IF(M11>=80,"A",IF(M11>=65,"B",IF(M11>=50,"C","D"))) -> B
A12: 50011 | B12: Mei Wong | C12: Morning | D12: 52 | E12: 46 | F12: 42 | G12: 80 | H12: 77 | I12: 43 | J12: 67 | K12: 50 | L12: =SUM(D12:K12) -> 457 | M12: =AVERAGE(D12:K12) -> 57.125 | N12: =IF(M12>=80,"A",IF(M12>=65,"B",IF(M12>=50,"C","D"))) -> C
A13: 50012 | B13: Ben Khan | C13: Afternoon | D13: 94 | E13: 94 | F13: 74 | G13: 99 | H13: 43 | I13: 96 | J13: 95 | K13: 77 | L13: =SUM(D13:K13) -> 672 | M13: =AVERAGE(D13:K13) -> 84 | N13: =IF(M13>=80,"A",IF(M13>=65,"B",IF(M13>=50,"C","D"))) -> A
... A2001: 52000 | B2001: Jia Novak | C2001: Evening | D2001: 100 | E2001: 32 | F2001: 68 | G2001: 45 | H2001: 67 | I2001: 66 | J2001: 100 | K2001: 44 | L2001: =SUM(D2001:K2001) -> 522 | M2001: =AVERAGE(D2001:K2001) -> 65.25 | N2001: =IF(M2001>=80,"A",IF(M2001>=65,"B",IF(M2001>=50,"C","D"))) -> B

Sheet Class 6
A1: ID | B1: Name | C1: Group | D1: Test 1 | E1: Test 2 | F1: Test 3 | G1: Test 4 | H1: Test 5 | I1: Test 6 | J1: Test 7 | K1: Test 8 | L1: Total | M1: Average | N1: Grade
A2: 60001 | B2: Hiro Rossi | C2: Morning | D2: 76 | E2: 57 | F2: 34 | G2: 37 | H2: 63 | I2: 39 | J2: 53 | K2: 39 | L2: =SUM(D2:K2) -> 398 | M2: =AVERAGE(D2:K2) -> 49.75 | N2: =IF(M2>=80,"A",IF(M2>=65,"B",IF(M2>=50,"C","D"))) -> D
A3: 60002 | B3: Hiro Ali | C3: Morning | D3: 78 | E3: 46 | F3: 28 | G3: 53 | H3: 76 | I3: 76 | J3: 39 | K3: 33 | L3: =SUM(D3:K3) -> 429 | M3: =AVERAGE(D3:K3) -> 53.625 | N3: =IF(M3>=80,"A",IF(M3>=65,"B",IF(M3>=50,"C","D"))) -> C
A4: 60003 | B4: Hiro Okafor | C4: Morning | D4: 26 | E4: 60 | F4: 78 | G4: 83 | H4: 54 | I4: 49 | J4: 46 | K4: 26 | L4: =SUM(D4:K4) -> 422 | M4: =AVERAGE(D4:K4) -> 52.75 | N4: =IF(M4>=80,"A",IF(M4>=65,"B",IF(M4>=50,"C","D"))) -> C
A5: 60004 | B5: Rosa Kim | C5: Afternoon | D5: 88 | E5: 64 | F5: 49 | G5: 42 | H5: 59 | I5: 27 | J5: 67 | K5: 78 | L5: =SUM(D5:K5) -> 474 | M5: =AVERAGE(D5:K5) -> 59.25 | N5: =IF(M5>=80,"A",IF(M5>=65,"B",IF(M5>=50,"C","D"))) -> C
A6: 60005 | B6: Mei Fischer | C6: Afternoon | D6: 90 | E6: 84 | F6: 97 | G6: 74 | H6: 85 | I6: 88 | J6: 94 | K6: 96 | L6: =SUM(D6:K6) -> 708 | M6: =AVERAGE(D6:K6) -> 88.5 | N6: =IF(M6>=80,"A",IF(M6>=65,"B",IF(M6>=50,"C","D"))) -> A
A7: 60006 | B7: Mei Wong | C7: Morning | D7: 69 | E7: 88 | F7: 65 | G7: 70 | H7: 47 | I7: 97 | J7: 69 | K7: 64 | L7: =SUM(D7:K7) -> 569 | M7: =AVERAGE(D7:K7) -> 71.125 | N7: =IF(M7>=80,"A",IF(M7>=65,"B",IF(M7>=50,"C","D"))) -> B
A8: 60007 | B8: Sven Smith | C8: Morning | D8: 98 | E8: 25 | F8: 58 | G8: 30 | H8: 88 | I8: 51 | J8: 67 | K8: 67 | L8: =SUM(D8:K8) -> 484 | M8: =AVERAGE(D8:K8) -> 60.5 | N8: =IF(M8>=80,"A",IF(M8>=65,"B",IF(M8>=50,"C","D"))) -> C
A9: 60008 | B9: Chen Silva | C9: Evening | D9: 89 | E9: 35 | F9: 29 | G9: 98 | H9: 87 | I9: 54 | J9: 52 | K9: 65 | L9: =SUM(D9:K9) -> 509 | M9: =AVERAGE(D9:K9) -> 63.625 | N9: =IF(M9>=80,"A",IF(M9>=65,"B",IF(M9>=50,"C","D"))) -> C
A10: 60009 | B10: Sven Tanaka | C10: Evening | D10: 47 | E10: 58 | F10: 70 | G10: 42 | H10: 37 | I10: 77 | J10: 32 | K10: 52 | L10: =SUM(D10:K10) -> 415 | M10: =AVERAGE(D10:K10) -> 51.875 | N10: =IF(M10>=80,"A",IF(M10>=65,"B",IF(M10>=50,"C","D"))) -> C
A11: 60010 | B11: Sven Silva | C11: Afternoon | D11: 92 | E11: 50 | F11: 48 | G11: 96 | H11: 32 | I11: 59 | J11: 60 | K11: 65 | L11: =SUM(D11:K11) -> 502 | M11: =AVERAGE(D11:K11) -> 62.75 | N11: =IF(M11>=80,"A",IF(M11>=65,"B",IF(M11>=50,"C","D"))) -> C
A12: 60011 | B12: Grace Silva | C12: Afternoon | D12: 67 | E12: 35 | F12: 57 | G12: 97 | H12: 67 | I12: 69 | J12: 92 | K12: 36 | L12: =SUM(D12:K12) -> 520 | M12: =AVERAGE(D12:K12) -> 65 | N12: =IF(M12>=80,"A",IF(M12>=65,"B",IF(M12>=50,"C","D"))) -> B
A13: 60012 | B13: Dana Nguyen | C13: Morning | D13: 39 | E13: 94 | F13: 32 | G13: 71 | H13: 30 | I13: 35 | J13: 41 | K13: 98 | L13: =SUM(D13:K13) -> 440 | M13: =AVERAGE(D13:K13) -> 55 | N13: =IF(M13>=80,"A",IF(M13>=65,"B",IF(M13>=50,"C","D"))) -> C
... A2001: 62000 | B2001: Priya Novak | C2001: Afternoon | D2001: 89 | E2001: 72 | F2001: 100 | G2001: 27 | H2001: 45 | I2001: 39 | J2001: 49 | K2001: 71 | L2001: =SUM(D2001:K2001) -> 492 | M2001: =AVERAGE(D2001:K2001) -> 61.5 | N2001: =IF(M2001>=80,"A",IF(M2001>=65,"B",IF(M2001>=50,"C","D"))) -> C

Sheet Class 7
A1: ID | B1: Name | C1: Group | D1: Test 1 | E1: Test 2 | F1: Test 3 | G1: Test 4 | H1: Test 5 | I1: Test 6 | J1: Test 7 | K1: Test 8 | L1: Total | M1: Average | N1: Grade
A2: 70001 | B2: Chen Novak | C2: Afternoon | D2: 57 | E2: 60 | F2: 39 | G2: 41 | H2: 29 | I2: 59 | J2: 84 | K2: 84 | L2: =SUM(D2:K2) -> 453 | M2: =AVERAGE(D2:K2) -> 56.625 | N2: =IF(M2>=80,"A",IF(M2>=65,"B",IF(M2>=50,"C","D"))) -> C
A3: 70002 | B3: Tara Lee | C3: Afternoon | D3: 74 | E3: 70 | F3: 78 | G3: 80 | H3: 89 | I3: 38 | J3: 56 | K3: 26 | L3: =SUM(D3:K3) -> 511 | M3: =AVERAGE(D3:K3) -> 63.875 | N3: =IF(M3>=80,"A",IF(M3>=65,"B",IF(M3>=50,"C","D"))) -> C
A4: 70003 | B4: Jia Park | C4: Evening | D4: 87 | E4: 66 | F4: 67 | G4: 65 | H4: 38 | I4: 64 | J4: 28 | K4: 86 | L4: =SUM(D4:K4) -> 501 | M4: =AVERAGE(D4:K4) -> 62.625 | N4: =IF(M4>=80,"A",IF(M4>=65,"B",IF(M4>=50,"C","D"))) -> C
A5: 70004 | B5: Lena Nguyen | C5: Morning | D5: 75 | E5: 81 | F5: 48 | G5: 63 | H5: 75 | I5: 56 | J5: 90 | K5: 62 | L5: =SUM(D5:K5) -> 550 | M5: =AVERAGE(D5:K5) -> 68.75 | N5: =IF(M5>=80,"A",IF(M5>=65,"B",IF(M5>=50,"C","D"))) -> B
A6: 70005 | B6: Ivan Kim | C6: Evening | D6: 64 | E6: 99 | F6: 87 | G6: 35 | H6: 56 | I6: 85 | J6: 50 | K6: 98 | L6: =SUM(D6:K6) -> 574 | M6: =AVERAGE(D6:K6) -> 71.75 | N6: =IF(M6>=80,"A",IF(M6>=65,"B",IF(M6>=50,"C","D"))) -> B
A7: 70006 | B7: Mei Novak | C7: Afternoon | D7: 43 | E7: 84 | F7: 29 | G7: 69 | H7: 57 | I7: 77 | J7: 36 | K7: 57 | L7: =SUM(D7:K7) -> 452 | M7: =AVERAGE(D7:K7) -> 56.5 | N7: =IF(M7>=80,"A",IF(M7>=65,"B",IF(M7>=50,"C","D"))) -> C
A8: 70007 | B8: Grace Khan | C8: Afternoon | D8: 69 | E8: 38 | F8: 33 | G8: 34 | H8: 83 | I8: 98 | J8: 86 | K8: 84 | L8: =SUM(D8:K8) -> 525 | M8: =AVERAGE(D8:K8) -> 65.625 | N8: =IF(M8>=80,"A",IF(M8>=65,"B",IF(M8>=50,"C","D"))) -> B
A9: 70008 | B9: Tara Wong | C9: Morning | D9: 26 | E9: 80 | F9: 45 | G9: 82 | H9: 82 | I9: 96 | J9: 98 | K9: 78 | L9: =SUM(D9:K9) -> 587 | M9: =AVERAGE(D9:K9) -> 73.375 | N9: =IF(M9>=80,"A",IF(M9>=65,"B",IF(M9>=50,"C","D"))) -> B
A10: 70009 | B10: Mei Park | C10: Evening | D10: 48 | E10: 83 | F10: 45 | G10: 100 | H10: 64 | I10: 82 | J10: 95 | K10: 39 | L10: =SUM(D10:K10) -> 556 | M10: =AVERAGE(D10:K10) -> 69.5 | N10: =IF(M10>=80,"A",IF(M10>=65,"B",IF(M10>=50,"C","D"))) -> B
A11: 70010 | B11: Tara Okafor | C11: Afternoon | D11: 61 | E11: 45 | F11: 71 | G11: 32 | H11: 61 | I11: 79 | J11: 50 | K11: 74 | L11: =SUM(D11:K11) -> 473 | M11: =AVERAGE(D11:K11) -> 59.125 | N11: =IF(M11>=80,"A",IF(M11>=65,"B",IF(M11>=50,"C","D"))) -> C
A12: 70011 | B12: Priya Rossi | C12: Evening | D12: 95 | E12: 37 | F12: 90 | G12: 56 | H12: 63 | I12: 76 | J12: 72 | K12: 27 | L12: =SUM(D12:K12) -> 516 | M12: =AVERAGE(D12:K12) -> 64.5 | N12: =IF(M12>=80,"A",IF(M12>=65,"B",IF(M12>=50,"C","D"))) -> C
A13: 70012 | B13: Ivan Wong | C13: Afternoon | D13: 44 | E13: 41 | F13: 61 | G13: 70 | H13: 51 | I13: 76 | J13: 34 | K13: 46 | L13: =SUM(D13:K13) -> 423 | M13: =AVERAGE(D13:K13) -> 52.875 | N13: =IF(M13>=80,"A",IF(M13>=65,"B",IF(M13>=50,"C","D"))) -> C
... A2001: 72000 | B2001: Chen Fischer | C2001: Morning | D2001: 63 | E2001: 97 | F2001: 37 | G2001: 26 | H2001: 82 | I2001: 77 | J2001: 80 | K2001: 82 | L2001: =SUM(D2001:K2001) -> 544 | M2001: =AVERAGE(D2001:K2001) -> 68 | N2001: =IF(M2001>=80,"A",IF(M2001>=65,"B",IF(M2001>=50,"C","D"))) -> B

Sheet Class 8
A1: ID | B1: Name | C1: Group | D1: Test 1 | E1: Test 2 | F1: Test 3 | G1: Test 4 | H1: Test 5 | I1: Test 6 | J1: Test 7 | K1: Test 8 | L1: Total | M1: Average | N1: Grade
A2: 80001 | B2: Noah Novak | C2: Afternoon | D2: 98 | E2: 29 | F2: 77 | G2: 73 | H2: 41 | I2: 70 | J2: 78 | K2: 73 | L2: =SUM(D2:K2) -> 539 | M2: =AVERAGE(D2:K2) -> 67.375 | N2: =IF(M2>=80,"A",IF(M2>=65,"B",IF(M2>=50,"C","D"))) -> B
A3: 80002 | B3: Noah Tanaka | C3: Evening | D3: 84 | E3: 28 | F3: 50 | G3: 94 | H3: 84 | I3: 83 | J3: 80 | K3: 98 | L3: =SUM(D3:K3) -> 601 | M3: =AVERAGE(D3:K3) -> 75.125 | N3: =IF(M3>=80,"A",IF(M3>=65,"B",IF(M3>=50,"C","D"))) -> B
A4: 80003 | B4: Kofi Kim | C4: Morning | D4: 68 | E4: 35 | F4: 27 | G4: 98 | H4: 89 | I4: 79 | J4: 72 | K4: 58 | L4: =SUM(D4:K4) -> 526 | M4: =AVERAGE(D4:K4) -> 65.75 | N4: =IF(M4>=80,"A",IF(M4>=65,"B",IF(M4>=50,"C","D"))) -> B
A5: 80004 | B5: Omar Kim | C5: Morning | D5: 73 | E5: 97 | F5: 72 | G5: 96 | H5: 59 | I5: 73 | J5: 52 | K5: 71 | L5: =SUM(D5:K5) -> 593 | M5: =AVERAGE(D5:K5) -> 74.125 | N5: =IF(M5>=80,"A",IF(M5>=65,"B",IF(M5>=50,"C","D"))) -> B
A6: 80005 | B6: Kofi Rossi | C6: Morning | D6: 45 | E6: 98 | F6: 84 | G6: 34 | H6: 96 | I6: 27 | J6: 47 | K6: 94 | L6: =SUM(D6:K6) -> 525 | M6: =AVERAGE(D6:K6) -> 65.625 | N6: =IF(M6>=80,"A",IF(M6>=65,"B",IF(M6>=50,"C","D"))) -> B
A7: 80006 | B7: Grace Wong | C7: Afternoon | D7: 35 | E7: 50 | F7: 78 | G7: 66 | H7: 76 | I7: 72 | J7: 72 | K7: 35 | L7: =SUM(D7:K7) -> 484 | M7: =AVERAGE(D7:K7) -> 60.5 | N7: =IF(M7>=80,"A",IF(M7>=65,"B",IF(M7>=50,"C","D"))) -> C
A8: 80007 | B8: Aiko Fischer | C8: Evening | D8: 47 | E8: 54 | F8: 84 | G8: 78 | H8: 45 | I8: 49 | J8: 82 | K8: 43 | L8: =SUM(D8:K8) -> 482 | M8: =AVERAGE(D8:K8) -> 60.25 | N8: =IF(M8>=80,"A",IF(M8>=65,"B",IF(M8>=50,"C","D"))) -> C
A9: 80008 | B9: Sven Tanaka | C9: Morning | D9: 77 | E9: 63 | F9: 47 | G9: 61 | H9: 89 | I9: 95 | J9: 32 | K9: 46 | L9: =SUM(D9:K9) -> 510 | M9: =AVERAGE(D9:K9) -> 63.75 | N9: =IF(M9>=80,"A",IF(M9>=65,"B",IF(M9>=50,"C","D"))) -> C
A10: 80009 | B10: Priya Moreau | C10: Morning | D10: 61 | E10: 50 | F10: 91 | G10: 97 | H10: 40 | I10: 59 | J10: 33 | K10: 38 | L10: =SUM(D10:K10) -> 469 | M10: =AVERAGE(D10:K10) -> 58.625 | N10: =IF(M10>=80,"A",IF(M10>=65,"B",IF(M10>=50,"C","D"))) -> C
A11: 80010 | B11: Sven Silva | C11: Afternoon | D11: 84 | E11: 96 | F11: 62 | G11: 49 | H11: 70 | I11: 95 | J11: 76 | K11: 83 | L11: =SUM(D11:K11) -> 615 | M11: =AVERAGE(D11:K11) -> 76.875 | N11: =IF(M11>=80,"A",IF(M11>=65,"B",IF(M11>=50,"C","D"))) -> B
A12: 80011 | B12: Rosa Ali | C12: Afternoon | D12: 35 | E12: 84 | F12: 50 | G12: 98 | H12: 52 | I12: 31 | J12: 37 | K12: 88 | L12: =SUM(D12:K12) -> 475 | M12: =AVERAGE(D12:K12) -> 59.375 | N12: =IF(M12>=80,"A",IF(M12>=65,"B",IF(M12>=50,"C","D"))) -> C
A13: 80012 | B13: Ivan Haddad | C13: Evening | D13: 91 | E13: 67 | F13: 63 | G13: 57 | H13: 82 | I13: 30 | J13: 97 | K13: 70 | L13: =SUM(D13:K13) -> 557 | M13: =AVERAGE(D13:K13) -> 69.625 | N13: =IF(M13>=80,"A",IF(M13>=65,"B",IF(M13>=50,"C","D"))) -> B
... A2001: 82000 | B2001: Kofi Haddad | C2001: Afternoon | D2001: 79 | E2001: 32 | F2001: 95 | G2001: 53 | H2001: 93 | I2001: 26 | J2001: 90 | K2001: 61 | L2001: =SUM(D2001:K2001) -> 529 | M2001: =AVERAGE(D2001:K2001) -> 66.125 | N2001: =IF(M2001>=80,"A",IF(M2001>=65,"B",IF(M2001>=50,"C","D"))) -> B

Sheet Summary
A1: Class | B1: Students | C1: Mean average | D1: Best average | E1: Grade A
A2: Class 1 | B2: =COUNTA('Class 1'!B2:B2001) -> 2000 | C2: =AVERAGE('Class 1'!M2:M2001) -> 62.690625 | D2: =MAX('Class 1'!M2:M2001) -> 89.625 | E2: =COUNTIF('Class 1'!N2:N2001,"A") -> 28
A3: Class 2 | B3: =COUNTA('Class 2'!B2:B2001) -> 2000 | C3: =AVERAGE('Class 2'!M2:M2001) -> 62.474812 | D3: =MAX('Class 2'!M2:M2001) -> 93.375 | E3: =COUNTIF('Class 2'!N2:N2001,"A") -> 15
A4: Class 3 | B4: =COUNTA('Class 3'!B2:B2001) -> 2000 | C4: =AVERAGE('Class 3'!M2:M2001) -> 62.364063 | D4: =MAX('Class 3'!M2:M2001) -> 86.25 | E4: =COUNTIF('Class 3'!N2:N2001,"A") -> 21
A5: Class 4 | B5: =COUNTA('Class 4'!B2:B2001) -> 2000 | C5: =AVERAGE('Class 4'!M2:M2001) -> 62.270375 | D5: =MAX('Class 4'!M2:M2001) -> 88.375 | E5: =COUNTIF('Class 4'!N2:N2001,"A") -> 12
A6: Class 5 | B6: =COUNTA('Class 5'!B2:B2001) -> 2000 | C6: =AVERAGE('Class 5'!M2:M2001) -> 62.540813 | D6: =MAX('Class 5'!M2:M2001) -> 85.25 | E6: =COUNTIF('Class 5'!N2:N2001,"A") -> 28
A7: Class 6 | B7: =COUNTA('Class 6'!B2:B2001) -> 2000 | C7: =AVERAGE('Class 6'!M2:M2001) -> 62.790062 | D7: =MAX('Class 6'!M2:M2001) -> 89.25 | E7: =COUNTIF('Class 6'!N2:N2001,"A") -> 33
A8: Class 7 | B8: =COUNTA('Class 7'!B2:B2001) -> 2000 | C8: =AVERAGE('Class 7'!M2:M2001) -> 62.568812 | D8: =MAX('Class 7'!M2:M2001) -> 88.5 | E8: =COUNTIF('Class 7'!N2:N2001,"A") -> 28
A9: Class 8 | B9: =COUNTA('Class 8'!B2:B2001) -> 2000 | C9: =AVERAGE('Class 8'!M2:M2001) -> 62.436375 | D9: =MAX('Class 8'!M2:M2001) -> 84 | E9: =COUNTIF('Class 8'!N2:N2001,"A") -> 14
